{"cameraMode":{"drawMode":0,"name":"Shaded","section":"Shading Mode"},"sceneLighting":false,"audioPlay":false,"sceneViewState":{"showFog":false,"showMaterialUpdate":false,"showSkybox":false,"showFlares":false,"showImageEffects":false,"showParticleSystems":false},"in2DMode":false,"pivot":{"x":11.115772247314454,"y":-7.508830547332764,"z":9.019477844238282},"rotation":{"x":-0.2206808477640152,"y":-0.33502858877182009,"z":0.0810403972864151,"w":-0.9124157428741455},"size":9.434967041015625,"orthographic":false}