{"cameraMode":{"drawMode":0,"name":"Shaded","section":"Shading Mode"},"sceneLighting":false,"audioPlay":false,"sceneViewState":{"showFog":true,"showMaterialUpdate":true,"showSkybox":true,"showFlares":true,"showImageEffects":true,"showParticleSystems":true},"in2DMode":false,"pivot":{"x":-0.524513840675354,"y":10.357754707336426,"z":-7.145064830780029},"rotation":{"x":0.1962497979402542,"y":-0.08634702116250992,"z":0.017343340441584588,"w":0.9766013026237488},"size":28.622169494628908,"orthographic":false}